{
    "configurations": [
        {
            "name": "Pico",
            "includePath": [
                "${workspaceFolder}/**",
                "${userHome}/.pico-sdk/**"
            ],
            "forcedInclude": [
                "${userHome}/.pico-sdk/src/common/pico_base_headers/include/pico.h",
                "${workspaceFolder}/build/generated/pico_base/pico/config_autogen.h"
            ],
            "defines": [],
            "compilerPath": "/usr/local/bin/arm-none-eabi-gcc",
            "compileCommands": "${workspaceFolder}/build/compile_commands.json",
            "cStandard": "c17",
            "cppStandard": "c++14",
            "intelliSenseMode": "linux-gcc-arm"
        }
    ],
    "version": 4
}
