{
    "version": "0.2.0",
    "configurations": [
        {
            "name": "Pico Debug (Cortex-Debug)",
            "cwd": "${workspaceRoot}",
            "executable": "${command:cmake.launchTargetPath}",
            "request": "launch",
            "type": "cortex-debug",
            "servertype": "openocd",
            "gdbPath": "${command:raspberry-pi-pico.getGDBPath}",
            "device": "${command:raspberry-pi-pico.getChip}",
            "configFiles": [
                "interface/cmsis-dap.cfg",
                "target/${command:raspberry-pi-pico.getTarget}.cfg"
            ],
            "svdFile": "${userHome}/.pico-sdk/sdk/2.0.0/src/${command:raspberry-pi-pico.getChip}/hardware_regs/${command:raspberry-pi-pico.getChip}.svd",
            "runToEntryPoint": "main",
            // Fix for no_flash binaries, where monitor reset halt doesn't do what is expected
            // Also works fine for flash binaries
            "overrideLaunchCommands": [
                "monitor reset init",
                "load \"${command:cmake.launchTargetPath}\""
            ],
            "openOCDLaunchCommands": [
                "adapter speed 5000"
            ]
        },
        {
            "name": "Pico Debug (Cortex-Debug with external OpenOCD)",
            "cwd": "${workspaceRoot}",
            "executable": "${command:cmake.launchTargetPath}",
            "request": "launch",
            "type": "cortex-debug",
            "servertype": "external",
            "gdbTarget": "localhost:3333",
            "gdbPath": "${command:raspberry-pi-pico.getGDBPath}",
            "device": "${command:raspberry-pi-pico.getChip}",
            "svdFile": "${userHome}/.pico-sdk/sdk/2.0.0/src/${command:raspberry-pi-pico.getChip}/hardware_regs/${command:raspberry-pi-pico.getChip}.svd",
            "runToEntryPoint": "main",
            // Give restart the same functionality as runToEntryPoint - main
            "postRestartCommands": [
                "break main",
                "continue"
            ]
        },
        {
            "name": "Pico Debug (C++ Debugger)",
            "type": "cppdbg",
            "request": "launch",
            "cwd": "${workspaceRoot}",
            "program": "${command:cmake.launchTargetPath}",
            "MIMode": "gdb",
            "miDebuggerPath": "${command:raspberry-pi-pico.getGDBPath}",
            "miDebuggerServerAddress": "localhost:3333",
            "debugServerPath": "openocd",
            "debugServerArgs": "-f interface/cmsis-dap.cfg -f target/${command:raspberry-pi-pico.getTarget}.cfg -c \"adapter speed 5000\"",
            "serverStarted": "Listening on port .* for gdb connections",
            "filterStderr": true,
            "hardwareBreakpoints": {
                "require": true,
                "limit": 4
            },
            "preLaunchTask": "Flash",
            "svdPath": "${userHome}/.pico-sdk/sdk/2.0.0/src/${command:raspberry-pi-pico.getChip}/hardware_regs/${command:raspberry-pi-pico.getChip}.svd"
        },
        {
            "name": "Renode Debug (C++ Debugger)",
            "type": "cppdbg",
            "request": "launch",
            "cwd": "${workspaceRoot}",
            "program": "${command:cmake.launchTargetPath}",
            "MIMode": "gdb",
            "miDebuggerPath": "${command:raspberry-pi-pico.getGDBPath}",
            "miDebuggerServerAddress": "localhost:3333",
            "debugServerPath": "/opt/renode/bin/renode",
            "debugServerArgs": "-e \"$ELF=@${command:cmake.launchTargetPath}; $WORKING=@${workspaceFolder}; include @${workspaceFolder}/simulate.resc\"",
            "serverStarted": "GDB server with .* started",
            "serverLaunchTimeout": 30000,
            "filterStdout": true,
            "filterStderr": true,
            "osx": {
                "debugServerPath": "/Applications/Renode.app/Contents/MacOS/macos_run.command"
            },
            "windows": {
                "debugServerPath": "Renode.exe"
            },
            "preLaunchTask": "Compile Project",
            "svdPath": "${userHome}/.pico-sdk/sdk/2.0.0/src/${command:raspberry-pi-pico.getChip}/hardware_regs/${command:raspberry-pi-pico.getChip}.svd"
        }
    ]
}
